Year,Total_population,Population_25_50,Population_over18,Upper_limit,Lower_limit,Optimal,Age_30,Age_30halved,Age_40,Age_40halved,Age_50,Age_50halved,Home_sales,Inheritances,Donations,Swaps,Others,Approved,Releases,Total_amount,Average_amount,Creditor_subrogation,Consumer_subrogation,Ratio_mortgages_sales,Real_credit_movement,Average_mortgage_rate,Fixed_mortgages,Variable_mortgages,Years_mortgage,Euribor_1year,EURUSD_year_ave,EUR_house,USD_house,Euro_M3_bilions,Euro_M3_stock_per,BTCEUR_year_ave,BTC_house,AUEUR_year_ave,Gold_house,Household_net_income,Disposable_income_over18,Income_constant_inflation,Income_constant_housing,Income_vs_houseandinflation,Housing_affordability,Years_full_pay,Ideal_wage,W_M_disconnect,Minimum_wage,Price_urban_land,Tx_land,Building_permits,Build,Reform,Demolish,Single_family,Single_family_m2,SF_cost,SF_cost_ave,SF_cost_m2,Condominiums,Condos_m2,Condos_cost,Condos_cost_ave,Condos_cost_m2,Ratio_price_cost,Cost_production_ave,Cost_edification,Total_homes,New_homes,Homes_1000,Per_new_homes,Population_yoy,Balance,Cement_mt,Legal_entity,Nationals,Foreigners,Foreigner_raw,Owned,Mortgaged,Rented,Freely_loaned,Owned_per,Mortgaged_per,Rented_per,Freely_loaned_per,Rent_price_eum2,Price_per,Rent_ROI_gross,Rent_ROI_gross_per,Rent_ROI_net,Rent_ROI_net_per,Idealista_price,Price_eum2,Inflation_CPI,CPI_1985,Overrated_inflation,Real_price_over,Real_price,Accum_Inflation,IR_yoy_per,Nominal_price_yoy_per,Real_price_yoy_per,Pop_yoy_per,Sales_yoy_per,Credit_yoy_per,Unemployment_yoy_per,Net_ROI_yoy_per,Rainbow_curve,RC_plus50,RC_minus50,RC_plus100,RC_minus100,Alt_rainbow
1964,31723000,10721599,,412369,206185,309277,,,,,,,,,,,,,,,,,,,,,,,,,,,,,,,,,,,,,,,,,,,,,,,,,,,,,,,,,,,,,,,,,,,,,9917,,,,,,,,,,,,,,,,,,,,,6.95,,,112.7,112.7,,,,,,,,,,148.4,198.4,98.4,248.4,48.4,180.5
1965,32056000,10834145,,416698,208349,312523,,,,,,,,,,,,,,,,,,,,,,,,,,,,,,,,,,,,,,,,,,,,,,,,,,,,,,,,,,,,,,,,,,,,,11389,,,,,,,,,,,,,,,,,,,,,13.32,,,129.4,129.4,,,,,,,,,,156.8,206.8,106.8,256.8,56.8,185.9
1966,32394000,10948381,,421092,210546,315819,,,,,,,,,,,,,,,,,,,,,,,,,,,,,,,,,,,,,,,,,,,,,,,,,,,,,,,,,,,,,,,,,,,,,13053,,,,,,,,,,,,,,,,,,,,,6.25,,,148.3,148.3,,,,,,,,,,165.0,215.0,115.0,265.0,65.0,191.3
1967,32734000,11063292,,425511,212756,319133,,,,,,,,,,,,,,,,,,,,,,,,,,,,,,,,,,,,,,,,,,,,,,,,,,,,,,,,,,,,,,,,,,,,,14071,,,,,,,,,,,,,,,,,,,,,6.39,,,159.9,159.9,,,,,,,,,,173.0,223.0,123.0,273.0,73.0,196.6
1968,33079000,11179894,,429996,214998,322497,,,,,,,,,,,,,,,,,,,,,,,,,,,,,,,,,,,,,,,,,,,,,,,,,,,,,,,,,,,,,,,,,,,,,15284,,,,,,,,,,,,,,,,,,,,,4.98,,,201.1,201.1,,,,,,,,,,181.0,231.0,131.0,281.0,81.0,201.9
1969,33427000,11297509,,434520,217260,325890,,,,,,,,,,,,,,,,,,,,,,,,,,,,,,,,22,,,,,,,,,,,,,,,,,,,,,,,,,,,,,,,,,,,,,16222,,,,,,,,,,,,,,,,,,,,,2.16,,,213.5,213.5,,,,,,,,,,188.8,238.8,138.8,288.8,88.8,207.1
1970,33779000,11416477,,439095,219548,329321,,,,,,,,,,,,,,,,,,,,,,,,,,,,,,,,24,,,,,,,,,,,,,,,,,,,,,,,,,,,,,,,10658882,,,,,,16573,,,,,,,,,,,,,,,,,,,,,5.72,,,233.4,233.4,,,,,,,,,,196.6,246.6,146.6,296.6,96.6,212.3
1971,34216000,11564172,,444776,222388,333582,,,,,,,,,,,,,,,,,,,,,,,,,,,,,,,,27,,,,,,,,,,,,,,,,,,,,,,,,,,,,,,,11042602,383720,323,3.6,1.3,2.3,16605,,,,,,,,,,,,,,,,,,,,,8.24,,,240.6,240.6,,,,,,,,,,204.2,254.2,154.2,304.2,104.2,217.4
1972,34572000,11620299,,446935,223467,335201,,,,,,,,,,,,,,,,,,,,,,,,,,,,,,,,36,,,,,,,,,,,,,,,,,,,,,,,,,,,,,,,11462221,419619,332,3.8,1.0,2.8,18872,,,,,,,,,,,,,,,,,,,,,8.27,,,273.5,273.5,,,,,,,,,,211.6,261.6,161.6,311.6,111.6,222.5
1973,34921000,11702665,,450103,225051,337577,,,,,,,,,,,,,,,,,,,,,,,,,,,,,,,,57,,,,,,,,,,,,,,,,,,,,,,,,,,,,,,,11909247,447027,341,3.9,1.0,2.9,21607,,,,,,,,,,,,,,,,,,,,,11.37,,,313.1,313.1,,,,,,,,,,219.0,269.0,169.0,319.0,119.0,227.5
1974,35288000,11800401,,453862,226931,340396,,,,,,,,,,,,,,,,,,,,,,,,,,,,,,,,96,,,,,,,,,,,,,,,,,,,,,,,,,,,,,,,12326071,416824,349,3.5,1.1,2.4,22147,,,,,,,,,,,,,,,,,,,,,15.66,,,321.0,321.0,,,,,,,,,,226.2,276.2,176.2,326.2,126.2,232.5
1975,35688000,11872022,,456616,228308,342462,,,,,,,,,,,,,,,,,,,,,,,,,,,,,,,,92,,,,,,,,,,,,,,,,,,,,,,,,,,,,,,,12695853,369782,356,3.0,1.1,1.9,20849,,,,,,,,,,,,,,,,,,,,,17.02,,,330.9,330.9,,,,,,,,,,233.4,283.4,183.4,333.4,133.4,237.4
1976,36118000,11926333,,458705,229353,344029,,,,,,,,,,,,,,,,,,,,,,,,,,,,,,,,83,,,,,,,,,,,,,,,,,,,,,,,,,,,,,,,13064033,368180,362,2.9,1.2,1.7,21293,,,,,,,,,,,,,,,,,,,,,17.56,,,322.6,322.6,,,,,,,,,,240.4,290.4,190.4,340.4,140.4,242.3
1977,36564000,11966578,,460253,230127,345190,,,,,,,,,,,,,,,,,,,,,,,,,,,,,,,,102,,,,,,,,,,,,,,,,,,,,,,,,,,,,,,,13429826,365793,367,2.8,1.2,1.6,21710,,,,,,,,,,,,,,,,,,,,,24.44,,,314.6,314.6,,,,,,,,,,247.2,297.2,197.2,347.2,147.2,247.1
1978,36741000,12024081,,462465,231232,346848,,,,,,,,,,,,,,,,,,,,,,,,,,,,,,,,126,,,,,,,,,,,,,,,,,,,,,,,,,,,,,,,13792431,362605,375,2.7,0.5,2.2,22028,,,,,,,,,,,,,,,,,,,,,19.98,,,289.8,289.8,,,,,,,,,,254.0,304.0,204.0,354.0,154.0,251.9
1979,37289000,12074990,,464423,232211,348317,,,,,,,,,,,,,,,,,,,,,,,,17.52,,,,,,,,193,,,,,,,,,,,,,,,,,,,,,,,,,,,,,,,14137242,344811,379,2.5,1.5,1.0,20773,,,,,,,,,,,,,,,,,,,,,15.68,,,273.3,273.3,,,,,,,,,,260.6,310.6,210.6,360.6,160.6,256.6
1980,37527000,12092821,,465109,232554,348831,,,,,,,,,,,,,,,,,,,,,,,,15.84,,,,1.23,,,,375,,,,,,,,,,,,,,,,,,,,,,,,,,,,,,,14476536,339294,386,2.4,0.6,1.8,19725,,,,,,,,,,,,,,,,,,,,,15.59,,,259.5,259.5,,-1.67,,,,,,,,267.2,317.2,217.2,367.2,167.2,261.3
1981,37741000,12135566,,466753,233376,350064,,,,,,,,,,,,,,,,,,,,,,,,16.86,,,,1.36,10.28,,,356,,,,,,,,,,,,,,,,,,,,,,,,,,,,,,,14726000,249464,390,1.7,0.6,1.2,18487,,,,,,,,,,,,,,,,,,,,,14.56,,,210.1,210.1,,1.02,,,,,,,,273.6,323.6,223.6,373.6,173.6,265.9
1982,37942000,12166940,,467959,233980,350969,,,,,,,,,,,,,,,,,,,,,,,,16.59,,,,1.51,11.40,,,349,,,,,,,,,,,,,,,,,,,,,,,,,,,,,,,14951836,225836,394,1.5,0.5,1.0,18528,,,,,,,,,,,,,,,,,,,,,14.43,,,210.5,210.5,,-0.27,,,,,,,,279.8,329.8,229.8,379.8,179.8,270.5
1983,38122000,12255611,,471370,235685,353527,,,,,,,,,,,,,,,,,,,,,,,,18.51,,,,1.65,9.00,,,438,,,,,,,,,,,,,,,,,,,,,,,,,,,,,,,15170301,218465,398,1.5,0.5,1.0,17923,,,,,,,,,,,,,,,,,,,,,12.19,,,203.7,203.7,,1.93,,,,,,,,286.0,336.0,236.0,386.0,186.0,275.0
1984,38279000,12336331,,474474,237237,355856,,,,,,,,,,,,,,,,,,,,,,,,14.04,,,,1.79,8.57,,,425,,,,,,,,,,,,,,,,,,,,,,,,,,,,,,,15368228,197926,401,1.3,0.4,0.9,16238,,,,,,,,,,,,,,,,,,,,,11.30,,,182.5,182.5,,-4.48,,,,,,,,292.0,342.0,242.0,392.0,192.0,279.5
1985,38419000,12422212,,477777,238889,358333,,,,,,,,,,,,,,,,,,,,,,,,13.10,0.78,20400,15870,1.93,7.78,,,391,52,,,,,,,,,,223,,,,,,,,,,,,,,,,,,,,15569897,201669,405,1.3,0.4,0.9,16545,,,,,,,,,,,,,,,,,,,,204,8.83,100.0,18.0,186.0,204.0,0.0,-0.94,,,,,,,,298.0,348.0,248.0,398.0,198.0,283.9
1986,38536000,12546626,,482563,241281,361922,,,,,,,,,,,,,,,,,,,,,,,,11.72,0.99,24400,24242,2.06,6.80,,,348,70,,,,,,,,,,241,,,,,,,,,,,,,,,,,,,,15792181,222285,410,1.4,0.3,1.1,18237,,,,,,,,,,,,,,,,,,,,244,8.80,108.8,39.5,204.5,224.3,19.7,-1.38,19.61,10.81,0.25,,,21.0,23.6,303.8,353.8,253.8,403.8,203.8,288.3
1987,38631000,12668258,,487241,243620,365431,,,,,,,,,,,,,,,,,,,,,,,,14.57,1.16,30800,35871,2.22,7.90,,,366,84,,,,,,,,,,253,,,,,,,,,,,,,,,,,,,,16038833,246652,415,1.6,0.2,1.3,20236,,,,,,,,,,,,,,,,,,,,308,5.26,114.1,55.7,252.3,270.0,38.0,2.85,26.23,20.97,0.22,,,20.2,30.2,309.4,359.4,259.4,409.4,209.4,292.6
1988,38716000,12781018,,491578,245789,368683,,,,,,,,,,,,,,,,,,,,,,,,11.81,1.18,40375,47578,2.41,8.48,,,350,116,,,,,,,,,,264,,,,,,,,,,,,,,,,,,,,16265163,226330,420,1.4,0.2,1.2,22671,,,,,,,,,,,,,,,,,,,,404,4.83,118.9,75.2,328.6,339.6,64.2,-2.76,31.09,26.26,0.20,,,19.2,35.1,315.0,365.0,265.0,415.0,215.0,296.9
1989,38792000,12966912,,498727,249364,374046,,,,,,,,,,,,,,,,,,,,,,,,15.15,1.11,50250,55611,2.66,10.37,,,322,156,,,,,,,,,,280,,,,,,,,,,,,,,,,,,,,16552407,287244,427,1.8,0.2,1.6,26027,,,,,,,,,,,,,,,,,,,,503,6.79,125.7,109.3,393.2,399.8,102.7,3.34,24.46,17.67,0.15,,,17.2,28.5,320.4,370.4,270.4,420.4,220.4,301.1
1990,38851000,13222820,,508570,254285,381428,,,,,,,,,,,,,,,,,,,,,,,,15.44,1.28,57250,73113,2.98,12.03,,,282,203,,,,,,,,,,300,,,,,,,,,,,,,,,,,,,,16880664,328257,434,2.0,0.2,1.8,28572,,,,,,,,,,,,,,,,,,,,573,6.72,132.4,147.8,424.7,432.4,140.1,0.30,13.93,7.21,0.23,,,16.2,17.9,325.8,375.8,275.8,425.8,225.8,305.3
1991,38940000,13511072,,519657,259828,389742,,,,,,,,,,,,,,,,,,,,,,,,13.08,1.24,58219,72105,3.20,7.54,,,277,210,,,,,,,,,,320,,,81900,55104,26124,672,61098,162,2692233600,44064,271,176142,111,5773451400,32777,295,2.06,,,17206000,325336,442,1.9,0.2,1.7,28797,,,,,,,,,,,,,,,,,,,,582,5.94,138.3,182.4,399.8,420.8,161.3,-2.36,1.69,-4.25,0.33,,,16.3,5.7,331.0,381.0,281.0,431.0,231.0,309.4
1992,39068000,13710030,,527309,263654,395482,,,,,,,,,,,,,,,,,,,,,,,,13.31,1.30,57656,74700,3.43,7.13,,,254,227,,,,,,,,,,338,,,81380,52825,27296,1259,66137,156,2929328500,44292,283,152483,110,5082786000,33333,304,1.96,3.7,,17558891,352891,449,2.1,0.3,1.7,26051,,,,,,,,,,,,,,,,,,,,577,5.93,144.3,216.6,360.0,399.6,176.9,0.23,-0.97,-6.90,0.31,,,18.4,3.0,336.0,386.0,286.0,436.0,236.0,313.5
1993,39190000,14031422,,539670,269835,404753,,,,,,,,,,,,,,,,,,,,,,,,10.91,1.16,57344,66710,3.65,6.37,,,307,187,,,,,,,,,,351,,,74158,48588,24533,1037,66788,149,2966748400,44420,298,147981,108,5170784200,34942,323,1.85,5.9,,17865724,306833,456,1.7,0.3,1.4,22651,,,,,,,,,,,,,,,,,,,,573,4.57,148.8,242.8,330.7,385.3,188.2,-2.40,-0.54,-5.11,0.27,,,22.6,3.5,341.0,391.0,291.0,441.0,241.0,317.5
1994,39295000,14319606,,550754,275377,413066,,,,,,,,,,,,,,,,,,,,,,,,9.08,1.19,59094,70459,3.74,2.30,,,318,186,,,,,,,,,,364,,,85789,56532,28118,1139,86187,149,4025289700,46704,314,180702,107,6401262300,35424,330,1.84,3.6,,18191342,325618,463,1.8,0.3,1.6,24038,,,,,,,,,,,,,,,,,,,,591,4.72,153.6,270.6,320.3,384.8,206.1,-1.84,3.05,-1.67,0.23,,,24.1,7.1,345.8,395.8,295.8,445.8,245.8,321.5
1995,39387000,14555126,,559813,279906,419859,,,,,,,,,,,,403587,269058,17899907,44352,,,,,,,,,10.00,1.30,61344,79601,3.94,5.40,,,291,211,,,,,,,,,,376,,,87673,57527,28991,1155,92749,150,4421153500,47668,317,214997,107,7875175900,36629,342,1.86,2.3,,18536203,344861,471,1.9,0.2,1.7,25458,,,,,,,,,,,,,,,,,,,,613,4.67,158.2,299.3,314.1,387.7,225.8,0.92,3.81,-0.86,0.23,,,22.9,7.8,350.6,400.6,300.6,450.6,250.6,325.4
1996,39478000,14798908,,569189,284594,426892,,,,,,,,,,,,412982,275321,19566189,47378,,,,3.26,,,,,7.36,1.25,62406,78144,4.09,3.88,,,300,208,,,,,,,,,,390,,,89323,56928,31111,1284,88707,146,4368693100,49249,337,192120,106,7125463000,37089,350,1.82,4.2,,18871157,334954,478,1.8,0.2,1.6,24727,,,,,,,,,,,,,,,,,,,,624,3.56,161.8,321.5,302.5,385.7,238.3,-2.64,1.73,-1.83,0.26,,2.33,22.1,5.7,355.2,405.2,305.2,455.2,255.2,329.3
1997,39582000,15027010,,577962,288981,433471,,,,,,,,,,,,479237,319491,24338352,50786,,,,5.22,,,,,5.20,1.13,64250,72410,4.27,4.33,,,292,220,,,,,,,,,,400,,,104790,66740,36487,1563,104094,148,5435822700,52220,353,231524,104,8764069200,37854,365,1.79,4.5,,19234120,362962,486,1.9,0.3,1.7,26795,,,,,,,,,,,,,,,,,,,,643,1.97,163.8,334.2,308.3,392.3,250.2,-2.16,2.95,0.98,0.35,,16.04,20.6,7.0,359.6,409.6,309.6,459.6,259.6,333.1
1998,39721000,15300398,,588477,294238,441358,,,,,,,,,,,,529565,353043,29595669,55887,,,,8.21,,,,,4.00,1.12,67094,75394,4.47,4.80,,,265,253,,,,,,,,,,408,,,120765,79803,39195,1767,136282,149,7090628000,52029,349,291165,104,10917020500,37494,359,1.90,-1.3,,19653914,419795,495,2.2,0.4,1.8,30990,,,,,,,,,,,,,,,,,,,,671,1.83,165.6,346.4,324.5,405.2,265.8,-1.19,4.43,2.60,0.52,,10.50,18.6,8.4,364.0,414.0,314.0,464.0,264.0,336.9
1999,39927000,15557958,32632826,598383,299192,448787,,,,,,,,,,,,585782,390521,36218444,61829,,,,8.32,,,,,3.15,1.06,72906,77270,4.71,5.30,,,265,275,3.76E+11,11533,11533,11533,11533,100,5.4,12366,7,416,,,141338,91284,47753,2301,158487,146,8253696800,52078,356,354324,106,13636129600,38485,364,2.03,1.7,,20122975,469060,504,2.4,0.5,1.9,34627,,,,,,,,,,,,,,,,,,,,729,2.31,167.9,363.3,365.8,434.2,294.8,-0.85,8.66,6.35,0.84,,10.62,15.6,12.7,368.2,418.2,318.2,468.2,268.2,340.6
2000,40264000,15786797,32954866,607185,303592,455388,,,,,,,,,,,,612852,408568,42325628,69063,,,,8.27,,,,,4.77,0.92,81219,74832,4.91,4.28,,,301,270,4.11E+11,12462,11929,12848,11386,99,5.5,13813,10,424,,,143902,89889,51570,2443,165400,146,8895955000,53784,368,365833,105,14670248900,40101,381,2.17,4.1,,20643668,520694,513,2.6,0.8,1.7,38439,,,,,,,,,,,,,,,,,,,,812,3.43,171.3,391.1,421.0,474.0,338.1,1.62,11.40,7.97,0.53,,4.62,13.9,15.4,372.4,422.4,322.4,472.4,272.4,344.3
2001,40476000,16049762,33263433,617299,308649,462974,,,,,,,,,,,,615703,410469,46574600,75645,,,,5.94,,,,,4.08,0.89,89250,79650,5.45,10.92,,,304,293,4.42E+11,13289,12357,14118,11430,99,5.7,15129,12,433,,,140616,82802,55042,2772,144937,151,8477207200,58489,388,354248,104,14853672300,41930,403,2.26,5.5,,21033759,390091,520,1.9,0.5,1.4,42151,,,,,,,,,,,,,,,,,,,,893,3.59,174.9,423.2,469.3,510.2,382.3,-0.70,9.89,6.30,1.38,,0.47,10.6,13.9,376.4,426.4,326.4,476.4,276.4,347.9
2002,41035000,16417960,33673695.18,631460,315730,473595,,,,,,,,,,,,690230,460153,58985647,85458,,,,9.90,,,,,3.49,0.95,100875,95886,5.81,6.63,,,330,306,4.67E+11,13869,12736,15957,12488,108,6.2,17092,19,442,,,136544,82569,50771,3204,145368,155,9087576400,62514,404,375292,103,16380710700,43648,422,2.44,4.5,,21487307,453548,524,2.2,1.4,0.8,44120,,,,,,,,,,,,,,,,,,,,1009,3.07,178.0,454.2,554.6,566.7,442.0,-0.58,13.03,9.96,1.93,,12.10,11.5,17.0,380.2,430.2,330.2,480.2,280.2,351.5
2003,41827000,16984055,34394751,653233,326616,489925,718536,359268,643990,321995,519454,259727,619193,116139,,,,989439,494720,96175561,97202,,,1.60,10.70,4.31,2.90,97.10,23,2.30,1.14,116656,133191,6.18,6.42,,,322,362,5.00E+11,14544,13123,18454,14022,122,6.7,19440,25,451,,,152785,94476,54505,3804,183411,152,11731425600,63962,422,448260,101,20112128800,44867,443,2.70,4.7,,21926409,439102,524,2.0,1.9,0.1,46223,,,,,,,,,,,,,,,,,,,,1167,3.04,181.0,489.6,676.9,644.4,522.2,-1.19,15.64,12.60,1.72,,14.45,11.5,19.6,384.0,434.0,334.0,484.0,284.0,355.0
2004,42547000,17468532,35021216,671867,335933,503900,736869,368435,674206,337103,523975,261988,693178,119731,,,,1107664,553832,122147451,110275,,,1.60,10.41,3.61,2.90,97.10,24,2.28,1.25,135531,169307,6.57,6.27,,,329,412,5.28E+11,15067,13522,21440,16362,142,7.3,22055,32,460,227,86898,166437,102121,59594,4722,186728,159,13060840900,69946,440,498250,102,23448077600,47061,459,3.01,4.0,,22417950,491541,527,2.2,1.7,0.5,48003,,,,,,,,,,,,,,,,,,,,1355,3.04,184.1,530.8,824.5,736.3,619.0,-0.02,16.18,13.14,1.76,11.95,11.95,11.0,20.2,387.6,437.6,337.6,487.6,287.6,358.5
2005,43296000,17953604,35680161,690523,345262,517892,771189,385595,716343,358172,526025,263013,787017,123434,,,,1257613,628807,156946440,124797,,,1.60,9.80,3.35,3.00,97.00,25,2.34,1.24,153313,189907,7.13,8.56,,,363,422,5.63E+11,15783,13978,24252,18197,158,7.9,24959,37,490,261,75538,179257,107577,65368,6312,193468,160,14401052900,74436,465,534859,100,25597812800,47859,481,3.24,5.2,82,22927382,509432,530,2.3,1.8,0.5,51510,,,,,,,,,,,,,,,,,,,,1533,3.37,187.4,582.5,950.6,817.9,715.2,0.06,13.12,9.75,1.65,13.54,13.54,9.2,17.1,391.2,441.2,341.2,491.2,291.2,361.9
2006,44009000,18401584,36280525,707753,353877,530815,792819,396410,714420,357210,554330,277165,839933,127251,,,,1342171,650836,188339112,140324,44335,17733,1.60,8.92,3.76,2.30,97.70,27,3.49,1.27,169938,215081,7.80,9.41,,,484,351,5.95E+11,16394,14470,26882,20097,174,8.6,28065,42,513,269,58479,181702,113041,60548,8113,165988,166,14037838400,84571,509,699162,99,35593133100,50908,513,3.33,8.0,86,23493772,566390,534,2.5,1.6,0.8,55896,,,,,,,,,,,,,9.2,,,,,,,1699,3.52,191.0,642.3,1057.1,889.9,809.5,1.15,10.84,7.32,1.76,6.72,6.72,8.5,14.8,394.6,444.6,344.6,494.6,294.6,365.3
2007,44784000,18807430,36913702,723363,361681,542522,813429,406715,742545,371273,574966,287483,775300,131187,19567,11231,244856,1238890,640693,184427159,148865,55159,23084,1.60,3.30,4.64,1.90,98.10,28,4.48,1.38,179036,246990,8.69,11.40,,,510,351,6.25E+11,16942,14874,28322,20844,181,8.8,29773,43,540,279,46437,151730,86357,58193,7180,101152,168,9562511100,94536,564,550093,98,29850899100,54265,552,3.21,9.2,91,24034966,541194,537,2.3,1.8,0.5,55997,,,,,,,,,,,,,8.5,-7.7,#REF!,#REF!,#REF!,#REF!,#REF!,1790,2.79,193.8,692.3,1098.1,924.1,866.3,0.99,5.35,2.56,1.97,-7.70,-7.70,8.2,#REF!,397.8,447.8,347.8,497.8,297.8,368.6
2008,45668000,19246126,37631693,740236,370118,555177,817295,408648,760332,380166,620629,310315,552080,130481,23507,10653,208499,836419,481028,116809939,139655,59375,43992,1.52,-10.27,5.12,2.10,97.90,27,4.84,1.47,176600,259805,9.42,8.43,,,600,294,6.59E+11,17513,15481,27936,19925,173,8.0,27931,37,570,255,31479,108332,50959,53623,3750,53031,172,5718860600,107840,625,211758,97,12685046800,59904,618,2.84,11.3,95,24569715,534749,538,2.2,2.0,0.3,42696,,,,,,,,,,,,,8.0,-5.3,#REF!,#REF!,#REF!,#REF!,#REF!,1766,4.08,197.8,764.3,1001.7,892.7,873.3,0.36,-1.36,-5.44,1.25,-28.79,-32.49,11.3,#REF!,401.0,451.0,351.0,501.0,301.0,371.9
2009,46239000,19428733,38051704,747259,373629,560444,816375,408188,764551,382276,638318,319159,413393,122546,22765,7512,200749,650889,360397,76677074,117804,70471,27640,1.57,-15.36,4.34,3.10,96.90,24,1.53,1.39,169200,236006,9.38,-0.44,,,703,241,6.55E+11,17214,15436,26766,19307,167,6.8,23561,27,600,239,22656,89108,31595,55012,2501,27072,183,3199472400,118184,645,83750,99,5318232000,63501,640,2.63,3.4,96,24908126,338411,539,1.4,1.3,0.1,28911,,,,,,,,,,,,,7.7,-4.4,#REF!,#REF!,#REF!,#REF!,#REF!,1692,-0.29,197.5,759.4,932.6,856.5,835.5,-3.32,-4.19,-3.90,0.53,-25.12,-22.18,17.9,#REF!,404.0,454.0,354.0,504.0,304.0,375.1
2010,46486000,19403020,38223382,746270,373135,559703,779876,389938,771872,385936,652384,326192,439591,132407,21986,5885,194221,607535,370543,71041231,116934,57697,23852,1.38,-2.54,3.59,2.70,97.30,24,1.36,1.32,166200,219547,9.32,-0.66,0.1,2035102,934,178,6.58E+11,17210,15714,26291,19117,166,6.8,23387,26,624,208,21220,89788,29715,56957,3116,24633,189,3009437100,122171,648,66994,101,4380167900,65381,650,2.56,1.0,97,25106251,198125,540,0.8,0.5,0.3,24456,,,,,,,,,,,,,7.7,0.0,#REF!,#REF!,#REF!,#REF!,#REF!,1662,1.80,199.3,789.3,872.7,833.8,828.2,-0.17,-1.77,-3.57,0.39,6.34,-6.66,19.9,#REF!,407.0,457.0,357.0,507.0,307.0,378.3
2011,46667000,19304501,38356622,742481,371240,556861,754073,377037,780597,390299,670579,335290,359824,134536,18875,4310,191539,408461,320866,45715937,111922,38155,16266,1.14,-7.49,3.75,3.40,96.60,24,2.05,1.40,153800,214997,9.54,2.30,3.6,42857,1121,137,6.63E+11,17291,16216,24330,17497,152,6.5,22384,23,633,195,16796,76339,24285,49199,2855,19914,190,2440981800,122576,646,58346,104,3923135000,67239,646,2.38,-0.5,100,25249053,142802,541,0.6,0.4,0.2,20441,12.77,81.96,5.27,6.04,,,,,,,,,7.9,3.3,#REF!,#REF!,#REF!,#REF!,#REF!,1538,3.20,202.5,838.5,699.5,759.4,778.6,0.69,-7.46,-10.66,0.32,-18.15,-32.77,21.4,#REF!,409.8,459.8,359.8,509.8,309.8,381.4
2012,46818000,19150018,38460726,736539,368270,552404,712602,356301,789026,394513,666360,333180,318534,136922,19901,2890,201009,273873,294261,28328881,103438,37108,17271,0.86,-10.03,4.13,4.70,95.30,24,1.04,1.29,136400,176037,9.81,2.86,5.5,24770,1299,105,6.29E+11,16366,16614,21577,16992,147,6.3,20688,21,641,182,14908,60670,18289,40094,2287,14515,197,1816255300,125130,636,29611,108,2082608800,70332,651,2.12,-0.3,101,25382415,133362,542,0.5,0.3,0.2,13582,18.65,74.74,6.61,8.12,,,,,,,,,7.8,-1.9,#REF!,#REF!,#REF!,#REF!,#REF!,1364,2.45,205.0,872.0,492.0,665.4,698.6,-1.00,-11.31,-13.76,-0.19,-11.48,-32.95,24.8,#REF!,412.4,462.4,362.4,512.4,312.4,384.5
2013,46728000,18863926,38356537,725536,362768,544152,671705,335853,790313,395157,679546,339773,312593,132980,15898,2351,231836,199703,283488,19972573,100011,36877,11325,0.64,-4.72,4.21,5.90,94.10,23,0.53,1.33,125000,166230,9.85,0.42,117,1067,1049,119,6.29E+11,16403,16848,19774,15349,133,6.1,20002,18,641,154,14555,56436,15025,38894,2517,11311,198,1487085500,131473,665,22961,107,1620895000,70593,661,1.89,3.0,101,25441306,58891,544,0.2,-0.2,0.4,10743,21.93,69.37,8.70,11.15,8893100,5485900,2939400,898900,48.8,30.1,16.1,4.9,7.3,-5.8,#REF!,#REF!,#REF!,#REF!,#REF!,1250,1.41,206.4,889.6,360.4,605.6,644.4,-0.51,-8.36,-9.77,-0.47,-1.87,-27.08,26.1,#REF!,415.0,465.0,365.0,515.0,315.0,387.5
2014,46508000,18485411,38162986,710977,355489,533233,619820,309910,795232,397616,698441,349221,318830,137594,14306,1827,196646,204302,282360,20890540,102253,33601,9547,0.64,2.39,3.83,5.40,94.60,23,0.47,1.32,125300,165465,10.33,4.86,374,335,950,132,6.29E+11,16481,16823,19821,15215,132,6.2,20451,19,645,147,15899,56606,14934,39293,2379,11550,199,1527021400,132210,665,23301,112,1719056500,73776,658,1.89,-0.2,101,25492335,51029,548,0.2,-0.5,0.7,10833,15.28,73.70,11.02,13.01,8885000,5396300,3044500,977300,48.5,29.5,16.6,5.3,7.3,-0.7,#REF!,#REF!,#REF!,#REF!,#REF!,1253,-0.15,206.3,887.7,365.3,607.5,645.5,-0.06,0.24,0.39,-0.13,2.00,2.30,24.4,#REF!,417.4,467.4,367.4,517.4,317.4,390.5
2015,46449000,18171401,38102546,698900,349450,524175,591237,295619,803340,401670,730731,365366,355556,151206,14992,1720,196668,246767,302418,26338940,106736,29029,7055,0.69,4.88,3.31,7.40,92.60,23,0.16,1.10,127800,140958,10.84,4.93,252,508,1043,123,6.54E+11,17159,16739,20217,14169,123,6.2,21347,20,645,153,15718,64156,17915,43700,2541,14651,202,2013348600,137421,682,35025,114,2698152700,77035,678,1.88,2.8,100,25541915,49580,550,0.2,-0.1,0.3,11492,12.71,75.79,11.50,13.18,8975000,5199800,3203500,967900,48.9,28.3,17.5,5.3,7.4,2.1,#REF!,#REF!,#REF!,#REF!,#REF!,1278,-0.50,205.8,881.3,396.7,621.1,656.9,-0.31,2.00,2.50,-0.02,11.52,20.79,22.1,#REF!,419.8,469.8,369.8,519.8,319.8,393.4
2016,46440000,17870984,38103800,687346,343673,515509,563692,281846,805801,402901,719688,359844,405385,159988,16148,1313,187238,282707,309357,31036970,109785,22583,7440,0.70,3.06,3.21,23.70,76.30,23,-0.04,1.10,131000,144549,11.39,5.12,539,243,1130,116,6.71E+11,17615,16705,20723,13730,119,6.2,21957,20,648,161,17396,66417,19285,44361,2771,17134,198,2337858800,136446,689,46889,117,3646366500,77766,667,1.93,-0.3,99,25586279,44364,551,0.2,0.0,0.2,11158,12.54,75.87,11.59,13.25,8963700,5306900,3190600,944800,48.7,28.8,17.3,5.1,7.9,6.8,#REF!,#REF!,#REF!,#REF!,#REF!,1310,-0.20,205.6,878.7,431.3,637.3,672.7,-0.20,2.50,2.70,0.23,14.01,14.56,19.6,#REF!,422.0,472.0,372.0,522.0,322.0,396.3
2017,46549000,17626310,38181116,677935,338968,508451,543363,271682,798927,399464,724119,362060,467644,169851,15865,1407,179964,312843,313911,36664867,117199,14469,4572,0.67,4.79,2.89,37.80,62.20,23,-0.15,1.14,137200,156271,11.87,4.20,3706,37,1112,123,6.92E+11,18137,17032,21704,13995,121,6.5,23440,23,655,162,20789,70982,22041,45719,3222,19411,199,2714055300,139820,702,61337,119,4978249800,81162,683,1.98,2.2,101,25645100,58821,551,0.2,0.2,0.0,12393,12.55,75.99,11.46,13.11,9005600,5169000,3330900,967300,48.8,28.0,18.0,5.2,9.0,13.3,#REF!,#REF!,#REF!,#REF!,#REF!,1372,1.96,207.5,905.6,466.4,661.2,710.8,-0.11,4.73,2.77,0.24,15.36,10.66,17.2,#REF!,424.0,474.0,374.0,524.0,324.0,399.1
2018,46658447,17425139,38317703,670198,335099,502648,531498,265749,791467,395734,741197,370599,517984,179385,16278,1338,210091,348326,342799,43284882,124265,11970,4049,0.67,4.36,2.63,39.20,60.80,24,-0.17,1.18,140700,165763,12.36,4.15,6066,23,1073,131,7.12E+11,18587,17317,22257,13933,121,6.7,24853,25,707,160,21901,74081,24175,46560,3346,21254,200,3063400400,144133,720,79453,117,6541922000,82337,704,1.98,2.8,103,25712558,67458,551,0.3,0.2,0.0,13461,12.18,76.72,11.10,12.64,9104600,5119400,3291300,1020600,49.1,27.6,17.8,5.5,10.1,12.3,#REF!,#REF!,#REF!,#REF!,#REF!,1407,1.67,209.2,929.1,477.9,672.6,734.4,-0.02,2.55,0.88,0.60,10.76,11.34,15.3,#REF!,426.0,476.0,376.0,526.0,326.0,401.9
2019,46937060,17297371,38612347,665284,332642,498963,531765,265883,779875,389937,737469,368735,503546,176046,18764,1355,249414,361291,340776,45383450,125615,11183,3607,0.72,0.39,2.57,42.10,57.90,23,-0.22,1.12,143800,160717,13.00,5.11,6584,22,1256,115,7.48E+11,19369,17438,22748,12981,113,6.5,25123,23,735,161,19047,78325,24947,50024,3354,21982,198,3245249300,147632,746,84223,112,6965173000,82699,735,1.94,4.1,104,25793043,80485,550,0.3,0.6,-0.3,14719,12.03,76.88,11.09,12.61,9153900,5031700,3401200,1038800,49.1,27.0,18.3,5.6,10.7,6.0,#REF!,#REF!,#REF!,#REF!,#REF!,1438,0.70,209.9,939.1,498.9,685.2,752.8,-0.05,2.20,1.50,0.84,-2.79,3.72,14.1,#REF!,427.8,477.8,377.8,527.8,327.8,404.6
2020,47332614,17228035,39019391,662617,331308,496963,533950,266975,752076,376038,746118,373059,415748,151533,20020,1028,178365,333721,274789,45020403,134904,14717,4716,0.80,7.72,2.49,47.40,52.60,24,-0.31,1.15,142400,163341,14.49,11.52,10600,13,1549,92,7.31E+11,18735,17382,22526,13971,121,7.2,26981,31,900,146,16207,71099,22808,45317,2974,20314,195,2987751300,147078,754,65191,110,5413764100,83045,758,1.88,2.1,103,25882055,89012,547,0.3,0.8,-0.5,13288,11.16,78.78,10.06,11.32,9212400,5201200,3244400,1096700,49.1,27.7,17.3,5.8,11.1,3.8,#REF!,#REF!,#REF!,#REF!,#REF!,1424,-0.32,209.6,934.6,489.4,679.5,744.5,-0.08,-0.97,-0.65,0.14,-17.44,-7.63,15.5,#REF!,429.6,479.6,379.6,529.6,329.6,407.3
2021,47398665,17044268,39169588,655549,327774,491662,531524,265762,731583,365792,753583,376792,565523,198939,25062,1500,195881,417501,372543,57582131,137921,33455,10539,0.74,-0.85,2.51,62.90,37.10,25,-0.49,1.18,151400,178600,15.40,6.24,39996,4,1518,100,7.53E+11,19218,17919,23950,14967,130,7.2,27584,30,950,151,29826,82647,28465,50560,3622,26576,193,3909758900,147116,763,81561,108,6738291700,82617,768,1.98,1.2,111,25976305,94250,548,0.4,0.1,0.2,14933,9.44,80.78,9.78,10.8,,,,,,,,,10.9,-1.8,#REF!,#REF!,#REF!,#REF!,#REF!,1514,3.09,212.7,981.4,532.6,712.0,802.0,-0.18,6.32,3.23,0.07,36.03,25.10,14.8,#REF!,431.2,481.2,381.2,531.2,331.2,409.9
2022,47432805,16801598,39309095,646215,323108,484661,528019,264010,696565,348282,763429,381714,661190,197008,23168,1173,200511,473082,392984,68796162,145421,22125,6519,0.72,-2.96,2.50,73.13,26.88,25,1.09,1.05,161100,169513,15.90,3.27,26159,6,1710,94,7.71E+11,19605,19425,25484,17231,149,7.4,29084,33,,159,27512,76449,27604,45693,3152,26871,196,4316299543,160630,818,78073,110,6858606343,87849,800,1.99,5.7,125,26074305,98000,550,0.4,0.1,0.3,14989,,,,,,,,,,,,,11.1,2.0,14.0,7.1,18.7,5.3,1864,1611,8.40,221.1,1116.7,494.3,728.8,882.2,1.58,6.41,-1.99,0.11,16.92,13.31,12.93,11.8,432.6,482.6,382.6,532.6,332.6,412.5
2023,47482805,16502601,,634715,317358,476037,523292,261646,667443,333721,774829,387414,,202918,,,,,,,,,,,,,,,,3.30,,,,,,16000,10,,,,,,,,,,,,,,,,,,,,,,,,,,,,,,,,,,,,,,,,,,,,,,,,,,,,,,,,,,1628,,,,,,,2.21,,,,,,,,434.0,484.0,384.0,534.0,334.0,415.0
2024,47508102,16250839,,625032,312516,468774,516127,258063,632727,316364,778332,389166,,209006,,,,,,,,,,,,,,,,,,,,,,,,,,,,,,,,,,,,,,,,,,,,,,,,,,,,,,,,,,,,,,,,,,,,,,,,,,,,,,,,,,,,,,,,,,,,,,,,435.2,485.2,385.2,535.2,335.2,417.5
2025,47544784,16015363,,615976,307988,461982,501838,250919,614867,307433,797243,398621,,215276,,,,,,,,,,,,,,,,,,,,,,,,,,,,,,,,,,,,,,,,,,,,,,,,,,,,,,,,,,,,,,,,,,,,,,,,,,,,,,,,,,,,,,,,,,,,,,,,436.4,486.4,386.4,536.4,336.4,419.9
2026,47587610,15778183,,606853,303427,455140,498581,249291,594747,297373,803006,401503,,221734,,,,,,,,,,,,,,,,,,,,,,,,,,,,,,,,,,,,,,,,,,,,,,,,,,,,,,,,,,,,,,,,,,,,,,,,,,,,,,,,,,,,,,,,,,,,,,,,437.4,487.4,387.4,537.4,337.4,422.3
2027,47638218,15542821,,597801,298900,448351,501623,250811,578268,289134,809048,404524,,228386,,,,,,,,,,,,,,,,,,,,,,,,,,,,,,,,,,,,,,,,,,,,,,,,,,,,,,,,,,,,,,,,,,,,,,,,,,,,,,,,,,,,,,,,,,,,,,,,438.2,488.2,388.2,538.2,338.2,424.6
2028,47697039,15311447,,588902,294451,441676,508279,254140,567956,283978,794816,397408,,235238,,,,,,,,,,,,,,,,,,,,,,,,,,,,,,,,,,,,,,,,,,,,,,,,,,,,,,,,,,,,,,,,,,,,,,,,,,,,,,,,,,,,,,,,,,,,,,,,439.0,489.0,389.0,539.0,339.0,426.9
2029,47765912,15122609,,581639,290819,436229,508059,254029,564293,282147,784884,392442,,242295,,,,,,,,,,,,,,,,,,,,,,,,,,,,,,,,,,,,,,,,,,,,,,,,,,,,,,,,,,,,,,,,,,,,,,,,,,,,,,,,,,,,,,,,,,,,,,,,439.6,489.6,389.6,539.6,339.6,429.1
2030,47844505,14963067,,575503,287751,431627,523717,261859,559084,279542,752346,376173,,249564,,,,,,,,,,,,,,,,,,,,,,,,,,,,,,,,,,,,,,,,,,,,,,,,,,,,,,,,,,,,,,,,,,,,,,,,,,,,,,,,,,,,,,,,,,,,,,,,440.2,490.2,390.2,540.2,340.2,431.3
2031,47933477,14852312,,571243,285621,428432,537266,268633,555270,277635,731890,365945,,257051,,,,,,,,,,,,,,,,,,,,,,,,,,,,,,,,,,,,,,,,,,,,,,,,,,,,,,,,,,,,,,,,,,,,,,,,,,,,,,,,,,,,,,,,,,,,,,,,440.6,490.6,390.6,540.6,340.6,433.4
2032,48033535,14783361,,568591,284295,426443,541286,270643,552826,276413,700885,350443,,264762,,,,,,,,,,,,,,,,,,,,,,,,,,,,,,,,,,,,,,,,,,,,,,,,,,,,,,,,,,,,,,,,,,,,,,,,,,,,,,,,,,,,,,,,,,,,,,,,440.8,490.8,390.8,540.8,340.8,435.5
2033,48142740,14758746,,567644,283822,425733,547263,273631,559843,279922,673964,336982,,272705,,,,,,,,,,,,,,,,,,,,,,,,,,,,,,,,,,,,,,,,,,,,,,,,,,,,,,,,,,,,,,,,,,,,,,,,,,,,,,,,,,,,,,,,,,,,,,,,441.0,491.0,391.0,541.0,341.0,437.5
2034,48259786,14787698,,568758,284379,426568,569863,284932,550138,275069,642335,321167,,280886,,,,,,,,,,,,,,,,,,,,,,,,,,,,,,,,,,,,,,,,,,,,,,,,,,,,,,,,,,,,,,,,,,,,,,,,,,,,,,,,,,,,,,,,,,,,,,,,441.0,491.0,391.0,541.0,341.0,439.5
2035,48381047,14829572,,570368,285184,427776,583683,291841,538417,269209,626365,313182,,289313,,,,,,,,,,,,,,,,,,,,,,,,,,,,,,,,,,,,,,,,,,,,,,,,,,,,,,,,,,,,,,,,,,,,,,,,,,,,,,,,,,,,,,,,,,,,,,,,441.0,491.0,391.0,541.0,341.0,441.4
2036,48503785,14882896,,572419,286210,429314,594270,297135,537284,268642,608319,304160,,297992,,,,,,,,,,,,,,,,,,,,,,,,,,,,,,,,,,,,,,,,,,,,,,,,,,,,,,,,,,,,,,,,,,,,,,,,,,,,,,,,,,,,,,,,,,,,,,,,440.8,490.8,390.8,540.8,340.8,443.3
2037,48627701,14954760,,575183,287592,431387,609335,304667,542303,271152,593675,296837,,306932,,,,,,,,,,,,,,,,,,,,,,,,,,,,,,,,,,,,,,,,,,,,,,,,,,,,,,,,,,,,,,,,,,,,,,,,,,,,,,,,,,,,,,,,,,,,,,,,440.4,490.4,390.4,540.4,340.4,445.1
2038,48752553,15029028,,578040,289020,433530,617660,308830,550740,275370,584560,292280,,316140,,,,,,,,,,,,,,,,,,,,,,,,,,,,,,,,,,,,,,,,,,,,,,,,,,,,,,,,,,,,,,,,,,,,,,,,,,,,,,,,,,,,,,,,,,,,,,,,440.0,490.0,390.0,540.0,340.0,446.9
2039,48877868,15093519,,580520,290260,435390,639492,319746,552445,276222,581838,290919,,325624,,,,,,,,,,,,,,,,,,,,,,,,,,,,,,,,,,,,,,,,,,,,,,,,,,,,,,,,,,,,,,,,,,,,,,,,,,,,,,,,,,,,,,,,,,,,,,,,439.4,489.4,389.4,539.4,339.4,448.6
2040,49002930,15169159,,583429,291715,437572,618982,309491,568978,284489,577654,288827,,335393,,,,,,,,,,,,,,,,,,,,,,,,,,,,,,,,,,,,,,,,,,,,,,,,,,,,,,,,,,,,,,,,,,,,,,,,,,,,,,,,,,,,,,,,,,,,,,,,438.8,488.8,388.8,538.8,338.8,450.3
2041,49126152,15246491,,586403,293202,439803,613338,306669,583919,291960,574623,287311,,345455,,,,,,,,,,,,,,,,,,,,,,,,,,,,,,,,,,,,,,,,,,,,,,,,,,,,,,,,,,,,,,,,,,,,,,,,,,,,,,,,,,,,,,,,,,,,,,,,438.0,488.0,388.0,538.0,338.0,451.9
2042,49247167,15321020,,589270,294635,441952,612730,306365,589992,294996,573001,286500,,355818,,,,,,,,,,,,,,,,,,,,,,,,,,,,,,,,,,,,,,,,,,,,,,,,,,,,,,,,,,,,,,,,,,,,,,,,,,,,,,,,,,,,,,,,,,,,,,,,437.0,487.0,387.0,537.0,337.0,453.5
2043,49364738,15381512,,591597,295798,443697,599798,299899,597351,298676,580118,290059,,366493,,,,,,,,,,,,,,,,,,,,,,,,,,,,,,,,,,,,,,,,,,,,,,,,,,,,,,,,,,,,,,,,,,,,,,,,,,,,,,,,,,,,,,,,,,,,,,,,436.0,486.0,386.0,536.0,336.0,455.0
2044,49477578,15416632,,592947,296474,444711,580321,290160,619978,309989,570967,285484,,377488,,,,,,,,,,,,,,,,,,,,,,,,,,,,,,,,,,,,,,,,,,,,,,,,,,,,,,,,,,,,,,,,,,,,,,,,,,,,,,,,,,,,,,,,,,,,,,,,434.8,484.8,384.8,534.8,334.8,456.5
2045,49584782,15449758,,594221,297111,445666,587534,293767,633903,316951,559868,279934,,388812,,,,,,,,,,,,,,,,,,,,,,,,,,,,,,,,,,,,,,,,,,,,,,,,,,,,,,,,,,,,,,,,,,,,,,,,,,,,,,,,,,,,,,,,,,,,,,,,433.6,483.6,383.6,533.6,333.6,457.9
2046,49685418,15493204,,595892,297946,446919,584296,292148,644827,322414,559092,279546,,400477,,,,,,,,,,,,,,,,,,,,,,,,,,,,,,,,,,,,,,,,,,,,,,,,,,,,,,,,,,,,,,,,,,,,,,,,,,,,,,,,,,,,,,,,,,,,,,,,432.2,482.2,382.2,532.2,332.2,459.3
2047,49778917,15535541,,597521,298760,448141,577912,288956,659861,329930,564430,282215,,412491,,,,,,,,,,,,,,,,,,,,,,,,,,,,,,,,,,,,,,,,,,,,,,,,,,,,,,,,,,,,,,,,,,,,,,,,,,,,,,,,,,,,,,,,,,,,,,,,430.6,480.6,380.6,530.6,330.6,460.6
2048,49864547,15571393,,598900,299450,449175,562101,281050,668506,334253,573124,286562,,424866,,,,,,,,,,,,,,,,,,,,,,,,,,,,,,,,,,,,,,,,,,,,,,,,,,,,,,,,,,,,,,,,,,,,,,,,,,,,,,,,,,,,,,,,,,,,,,,,429.0,479.0,379.0,529.0,329.0,461.9
2049,49941714,15598249,,599933,299966,449949,543586,271793,689938,344969,575273,287637,,437612,,,,,,,,,,,,,,,,,,,,,,,,,,,,,,,,,,,,,,,,,,,,,,,,,,,,,,,,,,,,,,,,,,,,,,,,,,,,,,,,,,,,,,,,,,,,,,,,427.2,477.2,377.2,527.2,327.2,463.1
2050,50010475,15623461,,600902,300451,450677,531833,265917,670493,335247,591763,295882,,450740,,,,,,,,,,,,,,,,,,,,,,,,,,,,,,,,,,,,,,,,,,,,,,,,,,,,,,,,,,,,,,,,,,,,,,,,,,,,,,,,,,,,,,,,,,,,,,,,425.4,475.4,375.4,525.4,325.4,464.3
2051,50070955,15633517,,601289,300645,450967,529925,264963,665417,332709,607009,303504,,464262,,,,,,,,,,,,,,,,,,,,,,,,,,,,,,,,,,,,,,,,,,,,,,,,,,,,,,,,,,,,,,,,,,,,,,,,,,,,,,,,,,,,,,,,,,,,,,,,423.4,473.4,373.4,523.4,323.4,465.4
2052,50123270,15630458,,601171,300586,450879,526875,263438,665186,332593,613860,306930,,478190,,,,,,,,,,,,,,,,,,,,,,,,,,,,,,,,,,,,,,,,,,,,,,,,,,,,,,,,,,,,,,,,,,,,,,,,,,,,,,,,,,,,,,,,,,,,,,,,421.2,471.2,371.2,521.2,321.2,466.5
2053,50167704,15623440,,600902,300451,450676,524563,262281,653098,326549,621747,310873,,492536,,,,,,,,,,,,,,,,,,,,,,,,,,,,,,,,,,,,,,,,,,,,,,,,,,,,,,,,,,,,,,,,,,,,,,,,,,,,,,,,,,,,,,,,,,,,,,,,419.0,469.0,369.0,519.0,319.0,467.5
2054,50204937,15612179,,600468,300234,450351,523095,261547,634641,317320,644265,322133,,507312,,,,,,,,,,,,,,,,,,,,,,,,,,,,,,,,,,,,,,,,,,,,,,,,,,,,,,,,,,,,,,,,,,,,,,,,,,,,,,,,,,,,,,,,,,,,,,,,416.6,466.6,366.6,516.6,316.6,468.5
2055,50235787,15582844,,599340,299670,449505,522461,261230,641914,320957,658173,329087,,522531,,,,,,,,,,,,,,,,,,,,,,,,,,,,,,,,,,,,,,,,,,,,,,,,,,,,,,,,,,,,,,,,,,,,,,,,,,,,,,,,,,,,,,,,,,,,,,,,414.2,464.2,364.2,514.2,314.2,469.4
2056,50261086,15544842,,597879,298939,448409,522642,261321,639303,319651,669215,334608,,538207,,,,,,,,,,,,,,,,,,,,,,,,,,,,,,,,,,,,,,,,,,,,,,,,,,,,,,,,,,,,,,,,,,,,,,,,,,,,,,,,,,,,,,,,,,,,,,,,411.6,461.6,361.6,511.6,311.6,470.3
2057,50281880,15501820,,596224,298112,447168,523637,261818,633805,316903,684166,342083,,554353,,,,,,,,,,,,,,,,,,,,,,,,,,,,,,,,,,,,,,,,,,,,,,,,,,,,,,,,,,,,,,,,,,,,,,,,,,,,,,,,,,,,,,,,,,,,,,,,408.8,458.8,358.8,508.8,308.8,471.1
2058,50299208,15450616,,594254,297127,445691,525454,262727,619481,309740,692929,346465,,570984,,,,,,,,,,,,,,,,,,,,,,,,,,,,,,,,,,,,,,,,,,,,,,,,,,,,,,,,,,,,,,,,,,,,,,,,,,,,,,,,,,,,,,,,,,,,,,,,406.0,456.0,356.0,506.0,306.0,471.9
2059,50314376,15398060,,592233,296117,444175,528064,264032,602555,301278,714080,357040,,588114,,,,,,,,,,,,,,,,,,,,,,,,,,,,,,,,,,,,,,,,,,,,,,,,,,,,,,,,,,,,,,,,,,,,,,,,,,,,,,,,,,,,,,,,,,,,,,,,403.0,453.0,353.0,503.0,303.0,472.6
2060,50328698,15332317,,589705,294852,442278,531463,265731,592058,296029,695211,347605,,605757,,,,,,,,,,,,,,,,,,,,,,,,,,,,,,,,,,,,,,,,,,,,,,,,,,,,,,,,,,,,,,,,,,,,,,,,,,,,,,,,,,,,,,,,,,,,,,,,400.0,450.0,350.0,500.0,300.0,473.3
2061,50343453,15292938,,588190,294095,441142,535659,267829,590764,295382,690424,345212,,623930,,,,,,,,,,,,,,,,,,,,,,,,,,,,,,,,,,,,,,,,,,,,,,,,,,,,,,,,,,,,,,,,,,,,,,,,,,,,,,,,,,,,,,,,,,,,,,,,396.8,446.8,346.8,496.8,296.8,473.9
2062,50359999,15265908,,587150,293575,440363,540644,270322,588298,294149,690374,345187,,642648,,,,,,,,,,,,,,,,,,,,,,,,,,,,,,,,,,,,,,,,,,,,,,,,,,,,,,,,,,,,,,,,,,,,,,,,,,,,,,,,,,,,,,,,,,,,,,,,393.4,443.4,343.4,493.4,293.4,474.5
2063,50379523,15246363,,586399,293199,439799,546368,273184,586546,293273,678736,339368,,661927,,,,,,,,,,,,,,,,,,,,,,,,,,,,,,,,,,,,,,,,,,,,,,,,,,,,,,,,,,,,,,,,,,,,,,,,,,,,,,,,,,,,,,,,,,,,,,,,390.0,440.0,340.0,490.0,290.0,475.0
2064,50403160,15245547,,586367,293184,439775,552744,276372,585614,292807,660834,330417,,681785,,,,,,,,,,,,,,,,,,,,,,,,,,,,,,,,,,,,,,,,,,,,,,,,,,,,,,,,,,,,,,,,,,,,,,,,,,,,,,,,,,,,,,,,,,,,,,,,386.4,436.4,336.4,486.4,286.4,475.5
2065,50431968,15269197,,587277,293638,440458,559645,279823,585496,292748,668111,334056,,702238,,,,,,,,,,,,,,,,,,,,,,,,,,,,,,,,,,,,,,,,,,,,,,,,,,,,,,,,,,,,,,,,,,,,,,,,,,,,,,,,,,,,,,,,,,,,,,,,382.8,432.8,332.8,482.8,282.8,475.9
2066,50467213,15291476,,588134,294067,441100,566150,283075,586171,293086,665830,332915,,723305,,,,,,,,,,,,,,,,,,,,,,,,,,,,,,,,,,,,,,,,,,,,,,,,,,,,,,,,,,,,,,,,,,,,,,,,,,,,,,,,,,,,,,,,,,,,,,,,379.0,429.0,329.0,479.0,279.0,476.3
2067,50509907,15321136,,589274,294637,441956,572749,286375,587642,293821,660813,330407,,745005,,,,,,,,,,,,,,,,,,,,,,,,,,,,,,,,,,,,,,,,,,,,,,,,,,,,,,,,,,,,,,,,,,,,,,,,,,,,,,,,,,,,,,,,,,,,,,,,375.0,425.0,325.0,475.0,275.0,476.6
2068,50560886,15360030,,590770,295385,443078,579245,289622,589915,294958,647300,323650,,767355,,,,,,,,,,,,,,,,,,,,,,,,,,,,,,,,,,,,,,,,,,,,,,,,,,,,,,,,,,,,,,,,,,,,,,,,,,,,,,,,,,,,,,,,,,,,,,,,371.0,421.0,321.0,471.0,271.0,476.9
2069,50621035,15415713,,592912,296456,444684,585443,292722,592964,296482,631249,315625,,790375,,,,,,,,,,,,,,,,,,,,,,,,,,,,,,,,,,,,,,,,,,,,,,,,,,,,,,,,,,,,,,,,,,,,,,,,,,,,,,,,,,,,,,,,,,,,,,,,366.8,416.8,316.8,466.8,266.8,477.1
2070,50690990,15489800,,595762,297881,446821,591170,295585,596785,298392,621442,310721,,814087,,,,,,,,,,,,,,,,,,,,,,,,,,,,,,,,,,,,,,,,,,,,,,,,,,,,,,,,,,,,,,,,,,,,,,,,,,,,,,,,,,,,,,,,,,,,,,,,362.6,412.6,312.6,462.6,262.6,477.3
,,,,,,,,,,,,,,,,,,,,,,,,,,,,,,,,,,,,,,,,,,,,,,,,,,,,,,,,,,,,,,,,,,,,,,,,,,,,,,,,,,,,,,,,,,,,,,,,,,,,,,,,,,,,,,,,,,,
,,,,,,,,,,,,,,,,,,,,,,,,,,,,,,,,,,,,,,,,,,,,,,,,,,,,,,,,,,,,,,,,,,,,,,,,,,,,,,,,,,,,,,,,,,,,,,,,,,,,,,,,,,,,,,,,,,,
,,,,,,,,,,,,,,,,,,,,,,,,,,,,,,,,,,,,,,,,,,,,,,,,,,,,,,,,,,,,,,,,,,,,,,,,,,,,,,,,,,,,,,,,,,,,,,,,,,,,,,,,,,,,,,,,,,,
,,,,,,,,,,,,,,,,,,,,,,,,,,,,,,,,,,,,,,,,,,,,,,,,,,,,,,,,,,,,,,,,,,,,,,,,,,,,,,,,,,,,,,,,,,,,,,,,,,,,,,,,,,,,,,,,,,,
,,,,,,,,,,,,,,,,,,,,,,,,,,,,,,,,,,,,,,,,,,,,,,,,,,,,,,,,,,,,,,,,,,,,,,,,,,,,,,,,,,,,,,,,,,,,,,,,,,,,,,,,,,,,,,,,,,,
,,,,,,,,,,,,,,,,,,,,,,,,,,,,,,,,,,,,,,,,,,,,,,,,,,,,,,,,,,,,,,,,,,,,,,,,,,,,,,,,,,,,,,,,,,,,,,,,,,,,,,,,,,,,,,,,,,,
,,,,,,,,,,,,,,,,,,,,,,,,,,,,,,,,,,,,,,,,,,,,,,,,,,,,,,,,,,,,,,,,,,,,,,,,,,,,,,,,,,,,,,,,,,,,,,,,,,,,,,,,,,,,,,,,,,,
,,,,,,,,,,,,,,,,,,,,,,,,,,,,,,,,,,,,,,,,,,,,,,,,,,,,,,,,,,,,,,,,,,,,,,,,,,,,,,,,,,,,,,,,,,,,,,,,,,,,,,,,,,,,,,,,,,,
,,,,,,,,,,,,,,,,,,,,,,,,,,,,,,,,,,,,,,,,,,,,,,,,,,,,,,,,,,,,,,,,,,,,,,,,,,,,,,,,,,,,,,,,,,,,,,,,,,,,,,,,,,,,,,,,,,,
,,,,,,,,,,,,,,,,,,,,,,,,,,,,,,,,,,,,,,,,,,,,,,,,,,,,,,,,,,,,,,,,,,,,,,,,,,,,,,,,,,,,,,,,,,,,,,,,,,,,,,,,,,,,,,,,,,,
,,,,,,,,,,,,,,,,,,,,,,,,,,,,,,,,,,,,,,,,,,,,,,,,,,,,,,,,,,,,,,,,,,,,,,,,,,,,,,,,,,,,,,,,,,,,,,,,,,,,,,,,,,,,,,,,,,,
,,,,,,,,,,,,,,,,,,,,,,,,,,,,,,,,,,,,,,,,,,,,,,,,,,,,,,,,,,,,,,,,,,,,,,,,,,,,,,,,,,,,,,,,,,,,,,,,,,,,,,,,,,,,,,,,,,,
,,,,,,,,,,,,,,,,,,,,,,,,,,,,,,,,,,,,,,,,,,,,,,,,,,,,,,,,,,,,,,,,,,,,,,,,,,,,,,,,,,,,,,,,,,,,,,,,,,,,,,,,,,,,,,,,,,,
,,,,,,,,,,,,,,,,,,,,,,,,,,,,,,,,,,,,,,,,,,,,,,,,,,,,,,,,,,,,,,,,,,,,,,,,,,,,,,,,,,,,,,,,,,,,,,,,,,,,,,,,,,,,,,,,,,,
,,,,,,,,,,,,,,,,,,,,,,,,,,,,,,,,,,,,,,,,,,,,,,,,,,,,,,,,,,,,,,,,,,,,,,,,,,,,,,,,,,,,,,,,,,,,,,,,,,,,,,,,,,,,,,,,,,,
,,,,,,,,,,,,,,,,,,,,,,,,,,,,,,,,,,,,,,,,,,,,,,,,,,,,,,,,,,,,,,,,,,,,,,,,,,,,,,,,,,,,,,,,,,,,,,,,,,,,,,,,,,,,,,,,,,,
,,,,,,,,,,,,,,,,,,,,,,,,,,,,,,,,,,,,,,,,,,,,,,,,,,,,,,,,,,,,,,,,,,,,,,,,,,,,,,,,,,,,,,,,,,,,,,,,,,,,,,,,,,,,,,,,,,,
,,,,,,,,,,,,,,,,,,,,,,,,,,,,,,,,,,,,,,,,,,,,,,,,,,,,,,,,,,,,,,,,,,,,,,,,,,,,,,,,,,,,,,,,,,,,,,,,,,,,,,,,,,,,,,,,,,,
,,,,,,,,,,,,,,,,,,,,,,,,,,,,,,,,,,,,,,,,,,,,,,,,,,,,,,,,,,,,,,,,,,,,,,,,,,,,,,,,,,,,,,,,,,,,,,,,,,,,,,,,,,,,,,,,,,,
,,,,,,,,,,,,,,,,,,,,,,,,,,,,,,,,,,,,,,,,,,,,,,,,,,,,,,,,,,,,,,,,,,,,,,,,,,,,,,,,,,,,,,,,,,,,,,,,,,,,,,,,,,,,,,,,,,,
,,,,,,,,,,,,,,,,,,,,,,,,,,,,,,,,,,,,,,,,,,,,,,,,,,,,,,,,,,,,,,,,,,,,,,,,,,,,,,,,,,,,,,,,,,,,,,,,,,,,,,,,,,,,,,,,,,,
,,,,,,,,,,,,,,,,,,,,,,,,,,,,,,,,,,,,,,,,,,,,,,,,,,,,,,,,,,,,,,,,,,,,,,,,,,,,,,,,,,,,,,,,,,,,,,,,,,,,,,,,,,,,,,,,,,,
,,,,,,,,,,,,,,,,,,,,,,,,,,,,,,,,,,,,,,,,,,,,,,,,,,,,,,,,,,,,,,,,,,,,,,,,,,,,,,,,,,,,,,,,,,,,,,,,,,,,,,,,,,,,,,,,,,,
,,,,,,,,,,,,,,,,,,,,,,,,,,,,,,,,,,,,,,,,,,,,,,,,,,,,,,,,,,,,,,,,,,,,,,,,,,,,,,,,,,,,,,,,,,,,,,,,,,,,,,,,,,,,,,,,,,,
,,,,,,,,,,,,,,,,,,,,,,,,,,,,,,,,,,,,,,,,,,,,,,,,,,,,,,,,,,,,,,,,,,,,,,,,,,,,,,,,,,,,,,,,,,,,,,,,,,,,,,,,,,,,,,,,,,,
,,,,,,,,,,,,,,,,,,,,,,,,,,,,,,,,,,,,,,,,,,,,,,,,,,,,,,,,,,,,,,,,,,,,,,,,,,,,,,,,,,,,,,,,,,,,,,,,,,,,,,,,,,,,,,,,,,,
,,,,,,,,,,,,,,,,,,,,,,,,,,,,,,,,,,,,,,,,,,,,,,,,,,,,,,,,,,,,,,,,,,,,,,,,,,,,,,,,,,,,,,,,,,,,,,,,,,,,,,,,,,,,,,,,,,,
,,,,,,,,,,,,,,,,,,,,,,,,,,,,,,,,,,,,,,,,,,,,,,,,,,,,,,,,,,,,,,,,,,,,,,,,,,,,,,,,,,,,,,,,,,,,,,,,,,,,,,,,,,,,,,,,,,,
,,,,,,,,,,,,,,,,,,,,,,,,,,,,,,,,,,,,,,,,,,,,,,,,,,,,,,,,,,,,,,,,,,,,,,,,,,,,,,,,,,,,,,,,,,,,,,,,,,,,,,,,,,,,,,,,,,,
,,,,,,,,,,,,,,,,,,,,,,,,,,,,,,,,,,,,,,,,,,,,,,,,,,,,,,,,,,,,,,,,,,,,,,,,,,,,,,,,,,,,,,,,,,,,,,,,,,,,,,,,,,,,,,,,,,,
,,,,,,,,,,,,,,,,,,,,,,,,,,,,,,,,,,,,,,,,,,,,,,,,,,,,,,,,,,,,,,,,,,,,,,,,,,,,,,,,,,,,,,,,,,,,,,,,,,,,,,,,,,,,,,,,,,,
,,,,,,,,,,,,,,,,,,,,,,,,,,,,,,,,,,,,,,,,,,,,,,,,,,,,,,,,,,,,,,,,,,,,,,,,,,,,,,,,,,,,,,,,,,,,,,,,,,,,,,,,,,,,,,,,,,,
,,,,,,,,,,,,,,,,,,,,,,,,,,,,,,,,,,,,,,,,,,,,,,,,,,,,,,,,,,,,,,,,,,,,,,,,,,,,,,,,,,,,,,,,,,,,,,,,,,,,,,,,,,,,,,,,,,,
,,,,,,,,,,,,,,,,,,,,,,,,,,,,,,,,,,,,,,,,,,,,,,,,,,,,,,,,,,,,,,,,,,,,,,,,,,,,,,,,,,,,,,,,,,,,,,,,,,,,,,,,,,,,,,,,,,,
,,,,,,,,,,,,,,,,,,,,,,,,,,,,,,,,,,,,,,,,,,,,,,,,,,,,,,,,,,,,,,,,,,,,,,,,,,,,,,,,,,,,,,,,,,,,,,,,,,,,,,,,,,,,,,,,,,,
,,,,,,,,,,,,,,,,,,,,,,,,,,,,,,,,,,,,,,,,,,,,,,,,,,,,,,,,,,,,,,,,,,,,,,,,,,,,,,,,,,,,,,,,,,,,,,,,,,,,,,,,,,,,,,,,,,,
,,,,,,,,,,,,,,,,,,,,,,,,,,,,,,,,,,,,,,,,,,,,,,,,,,,,,,,,,,,,,,,,,,,,,,,,,,,,,,,,,,,,,,,,,,,,,,,,,,,,,,,,,,,,,,,,,,,
,,,,,,,,,,,,,,,,,,,,,,,,,,,,,,,,,,,,,,,,,,,,,,,,,,,,,,,,,,,,,,,,,,,,,,,,,,,,,,,,,,,,,,,,,,,,,,,,,,,,,,,,,,,,,,,,,,,
,,,,,,,,,,,,,,,,,,,,,,,,,,,,,,,,,,,,,,,,,,,,,,,,,,,,,,,,,,,,,,,,,,,,,,,,,,,,,,,,,,,,,,,,,,,,,,,,,,,,,,,,,,,,,,,,,,,
,,,,,,,,,,,,,,,,,,,,,,,,,,,,,,,,,,,,,,,,,,,,,,,,,,,,,,,,,,,,,,,,,,,,,,,,,,,,,,,,,,,,,,,,,,,,,,,,,,,,,,,,,,,,,,,,,,,
,,,,,,,,,,,,,,,,,,,,,,,,,,,,,,,,,,,,,,,,,,,,,,,,,,,,,,,,,,,,,,,,,,,,,,,,,,,,,,,,,,,,,,,,,,,,,,,,,,,,,,,,,,,,,,,,,,,
,,,,,,,,,,,,,,,,,,,,,,,,,,,,,,,,,,,,,,,,,,,,,,,,,,,,,,,,,,,,,,,,,,,,,,,,,,,,,,,,,,,,,,,,,,,,,,,,,,,,,,,,,,,,,,,,,,,
,,,,,,,,,,,,,,,,,,,,,,,,,,,,,,,,,,,,,,,,,,,,,,,,,,,,,,,,,,,,,,,,,,,,,,,,,,,,,,,,,,,,,,,,,,,,,,,,,,,,,,,,,,,,,,,,,,,
,,,,,,,,,,,,,,,,,,,,,,,,,,,,,,,,,,,,,,,,,,,,,,,,,,,,,,,,,,,,,,,,,,,,,,,,,,,,,,,,,,,,,,,,,,,,,,,,,,,,,,,,,,,,,,,,,,,
,,,,,,,,,,,,,,,,,,,,,,,,,,,,,,,,,,,,,,,,,,,,,,,,,,,,,,,,,,,,,,,,,,,,,,,,,,,,,,,,,,,,,,,,,,,,,,,,,,,,,,,,,,,,,,,,,,,
,,,,,,,,,,,,,,,,,,,,,,,,,,,,,,,,,,,,,,,,,,,,,,,,,,,,,,,,,,,,,,,,,,,,,,,,,,,,,,,,,,,,,,,,,,,,,,,,,,,,,,,,,,,,,,,,,,,
,,,,,,,,,,,,,,,,,,,,,,,,,,,,,,,,,,,,,,,,,,,,,,,,,,,,,,,,,,,,,,,,,,,,,,,,,,,,,,,,,,,,,,,,,,,,,,,,,,,,,,,,,,,,,,,,,,,
,,,,,,,,,,,,,,,,,,,,,,,,,,,,,,,,,,,,,,,,,,,,,,,,,,,,,,,,,,,,,,,,,,,,,,,,,,,,,,,,,,,,,,,,,,,,,,,,,,,,,,,,,,,,,,,,,,,
,,,,,,,,,,,,,,,,,,,,,,,,,,,,,,,,,,,,,,,,,,,,,,,,,,,,,,,,,,,,,,,,,,,,,,,,,,,,,,,,,,,,,,,,,,,,,,,,,,,,,,,,,,,,,,,,,,,
,,,,,,,,,,,,,,,,,,,,,,,,,,,,,,,,,,,,,,,,,,,,,,,,,,,,,,,,,,,,,,,,,,,,,,,,,,,,,,,,,,,,,,,,,,,,,,,,,,,,,,,,,,,,,,,,,,,
,,,,,,,,,,,,,,,,,,,,,,,,,,,,,,,,,,,,,,,,,,,,,,,,,,,,,,,,,,,,,,,,,,,,,,,,,,,,,,,,,,,,,,,,,,,,,,,,,,,,,,,,,,,,,,,,,,,
,,,,,,,,,,,,,,,,,,,,,,,,,,,,,,,,,,,,,,,,,,,,,,,,,,,,,,,,,,,,,,,,,,,,,,,,,,,,,,,,,,,,,,,,,,,,,,,,,,,,,,,,,,,,,,,,,,,
,,,,,,,,,,,,,,,,,,,,,,,,,,,,,,,,,,,,,,,,,,,,,,,,,,,,,,,,,,,,,,,,,,,,,,,,,,,,,,,,,,,,,,,,,,,,,,,,,,,,,,,,,,,,,,,,,,,
,,,,,,,,,,,,,,,,,,,,,,,,,,,,,,,,,,,,,,,,,,,,,,,,,,,,,,,,,,,,,,,,,,,,,,,,,,,,,,,,,,,,,,,,,,,,,,,,,,,,,,,,,,,,,,,,,,,
,,,,,,,,,,,,,,,,,,,,,,,,,,,,,,,,,,,,,,,,,,,,,,,,,,,,,,,,,,,,,,,,,,,,,,,,,,,,,,,,,,,,,,,,,,,,,,,,,,,,,,,,,,,,,,,,,,,
,,,,,,,,,,,,,,,,,,,,,,,,,,,,,,,,,,,,,,,,,,,,,,,,,,,,,,,,,,,,,,,,,,,,,,,,,,,,,,,,,,,,,,,,,,,,,,,,,,,,,,,,,,,,,,,,,,,
,,,,,,,,,,,,,,,,,,,,,,,,,,,,,,,,,,,,,,,,,,,,,,,,,,,,,,,,,,,,,,,,,,,,,,,,,,,,,,,,,,,,,,,,,,,,,,,,,,,,,,,,,,,,,,,,,,,
,,,,,,,,,,,,,,,,,,,,,,,,,,,,,,,,,,,,,,,,,,,,,,,,,,,,,,,,,,,,,,,,,,,,,,,,,,,,,,,,,,,,,,,,,,,,,,,,,,,,,,,,,,,,,,,,,,,
,,,,,,,,,,,,,,,,,,,,,,,,,,,,,,,,,,,,,,,,,,,,,,,,,,,,,,,,,,,,,,,,,,,,,,,,,,,,,,,,,,,,,,,,,,,,,,,,,,,,,,,,,,,,,,,,,,,
,,,,,,,,,,,,,,,,,,,,,,,,,,,,,,,,,,,,,,,,,,,,,,,,,,,,,,,,,,,,,,,,,,,,,,,,,,,,,,,,,,,,,,,,,,,,,,,,,,,,,,,,,,,,,,,,,,,
,,,,,,,,,,,,,,,,,,,,,,,,,,,,,,,,,,,,,,,,,,,,,,,,,,,,,,,,,,,,,,,,,,,,,,,,,,,,,,,,,,,,,,,,,,,,,,,,,,,,,,,,,,,,,,,,,,,
,,,,,,,,,,,,,,,,,,,,,,,,,,,,,,,,,,,,,,,,,,,,,,,,,,,,,,,,,,,,,,,,,,,,,,,,,,,,,,,,,,,,,,,,,,,,,,,,,,,,,,,,,,,,,,,,,,,
,,,,,,,,,,,,,,,,,,,,,,,,,,,,,,,,,,,,,,,,,,,,,,,,,,,,,,,,,,,,,,,,,,,,,,,,,,,,,,,,,,,,,,,,,,,,,,,,,,,,,,,,,,,,,,,,,,,
,,,,,,,,,,,,,,,,,,,,,,,,,,,,,,,,,,,,,,,,,,,,,,,,,,,,,,,,,,,,,,,,,,,,,,,,,,,,,,,,,,,,,,,,,,,,,,,,,,,,,,,,,,,,,,,,,,,
,,,,,,,,,,,,,,,,,,,,,,,,,,,,,,,,,,,,,,,,,,,,,,,,,,,,,,,,,,,,,,,,,,,,,,,,,,,,,,,,,,,,,,,,,,,,,,,,,,,,,,,,,,,,,,,,,,,
,,,,,,,,,,,,,,,,,,,,,,,,,,,,,,,,,,,,,,,,,,,,,,,,,,,,,,,,,,,,,,,,,,,,,,,,,,,,,,,,,,,,,,,,,,,,,,,,,,,,,,,,,,,,,,,,,,,
,,,,,,,,,,,,,,,,,,,,,,,,,,,,,,,,,,,,,,,,,,,,,,,,,,,,,,,,,,,,,,,,,,,,,,,,,,,,,,,,,,,,,,,,,,,,,,,,,,,,,,,,,,,,,,,,,,,
,,,,,,,,,,,,,,,,,,,,,,,,,,,,,,,,,,,,,,,,,,,,,,,,,,,,,,,,,,,,,,,,,,,,,,,,,,,,,,,,,,,,,,,,,,,,,,,,,,,,,,,,,,,,,,,,,,,
,,,,,,,,,,,,,,,,,,,,,,,,,,,,,,,,,,,,,,,,,,,,,,,,,,,,,,,,,,,,,,,,,,,,,,,,,,,,,,,,,,,,,,,,,,,,,,,,,,,,,,,,,,,,,,,,,,,
,,,,,,,,,,,,,,,,,,,,,,,,,,,,,,,,,,,,,,,,,,,,,,,,,,,,,,,,,,,,,,,,,,,,,,,,,,,,,,,,,,,,,,,,,,,,,,,,,,,,,,,,,,,,,,,,,,,
,,,,,,,,,,,,,,,,,,,,,,,,,,,,,,,,,,,,,,,,,,,,,,,,,,,,,,,,,,,,,,,,,,,,,,,,,,,,,,,,,,,,,,,,,,,,,,,,,,,,,,,,,,,,,,,,,,,
,,,,,,,,,,,,,,,,,,,,,,,,,,,,,,,,,,,,,,,,,,,,,,,,,,,,,,,,,,,,,,,,,,,,,,,,,,,,,,,,,,,,,,,,,,,,,,,,,,,,,,,,,,,,,,,,,,,
,,,,,,,,,,,,,,,,,,,,,,,,,,,,,,,,,,,,,,,,,,,,,,,,,,,,,,,,,,,,,,,,,,,,,,,,,,,,,,,,,,,,,,,,,,,,,,,,,,,,,,,,,,,,,,,,,,,
,,,,,,,,,,,,,,,,,,,,,,,,,,,,,,,,,,,,,,,,,,,,,,,,,,,,,,,,,,,,,,,,,,,,,,,,,,,,,,,,,,,,,,,,,,,,,,,,,,,,,,,,,,,,,,,,,,,
,,,,,,,,,,,,,,,,,,,,,,,,,,,,,,,,,,,,,,,,,,,,,,,,,,,,,,,,,,,,,,,,,,,,,,,,,,,,,,,,,,,,,,,,,,,,,,,,,,,,,,,,,,,,,,,,,,,
,,,,,,,,,,,,,,,,,,,,,,,,,,,,,,,,,,,,,,,,,,,,,,,,,,,,,,,,,,,,,,,,,,,,,,,,,,,,,,,,,,,,,,,,,,,,,,,,,,,,,,,,,,,,,,,,,,,
,,,,,,,,,,,,,,,,,,,,,,,,,,,,,,,,,,,,,,,,,,,,,,,,,,,,,,,,,,,,,,,,,,,,,,,,,,,,,,,,,,,,,,,,,,,,,,,,,,,,,,,,,,,,,,,,,,,
,,,,,,,,,,,,,,,,,,,,,,,,,,,,,,,,,,,,,,,,,,,,,,,,,,,,,,,,,,,,,,,,,,,,,,,,,,,,,,,,,,,,,,,,,,,,,,,,,,,,,,,,,,,,,,,,,,,
,,,,,,,,,,,,,,,,,,,,,,,,,,,,,,,,,,,,,,,,,,,,,,,,,,,,,,,,,,,,,,,,,,,,,,,,,,,,,,,,,,,,,,,,,,,,,,,,,,,,,,,,,,,,,,,,,,,
,,,,,,,,,,,,,,,,,,,,,,,,,,,,,,,,,,,,,,,,,,,,,,,,,,,,,,,,,,,,,,,,,,,,,,,,,,,,,,,,,,,,,,,,,,,,,,,,,,,,,,,,,,,,,,,,,,,
,,,,,,,,,,,,,,,,,,,,,,,,,,,,,,,,,,,,,,,,,,,,,,,,,,,,,,,,,,,,,,,,,,,,,,,,,,,,,,,,,,,,,,,,,,,,,,,,,,,,,,,,,,,,,,,,,,,
,,,,,,,,,,,,,,,,,,,,,,,,,,,,,,,,,,,,,,,,,,,,,,,,,,,,,,,,,,,,,,,,,,,,,,,,,,,,,,,,,,,,,,,,,,,,,,,,,,,,,,,,,,,,,,,,,,,
,,,,,,,,,,,,,,,,,,,,,,,,,,,,,,,,,,,,,,,,,,,,,,,,,,,,,,,,,,,,,,,,,,,,,,,,,,,,,,,,,,,,,,,,,,,,,,,,,,,,,,,,,,,,,,,,,,,
,,,,,,,,,,,,,,,,,,,,,,,,,,,,,,,,,,,,,,,,,,,,,,,,,,,,,,,,,,,,,,,,,,,,,,,,,,,,,,,,,,,,,,,,,,,,,,,,,,,,,,,,,,,,,,,,,,,
,,,,,,,,,,,,,,,,,,,,,,,,,,,,,,,,,,,,,,,,,,,,,,,,,,,,,,,,,,,,,,,,,,,,,,,,,,,,,,,,,,,,,,,,,,,,,,,,,,,,,,,,,,,,,,,,,,,
,,,,,,,,,,,,,,,,,,,,,,,,,,,,,,,,,,,,,,,,,,,,,,,,,,,,,,,,,,,,,,,,,,,,,,,,,,,,,,,,,,,,,,,,,,,,,,,,,,,,,,,,,,,,,,,,,,,
,,,,,,,,,,,,,,,,,,,,,,,,,,,,,,,,,,,,,,,,,,,,,,,,,,,,,,,,,,,,,,,,,,,,,,,,,,,,,,,,,,,,,,,,,,,,,,,,,,,,,,,,,,,,,,,,,,,
,,,,,,,,,,,,,,,,,,,,,,,,,,,,,,,,,,,,,,,,,,,,,,,,,,,,,,,,,,,,,,,,,,,,,,,,,,,,,,,,,,,,,,,,,,,,,,,,,,,,,,,,,,,,,,,,,,,
,,,,,,,,,,,,,,,,,,,,,,,,,,,,,,,,,,,,,,,,,,,,,,,,,,,,,,,,,,,,,,,,,,,,,,,,,,,,,,,,,,,,,,,,,,,,,,,,,,,,,,,,,,,,,,,,,,,
,,,,,,,,,,,,,,,,,,,,,,,,,,,,,,,,,,,,,,,,,,,,,,,,,,,,,,,,,,,,,,,,,,,,,,,,,,,,,,,,,,,,,,,,,,,,,,,,,,,,,,,,,,,,,,,,,,,
,,,,,,,,,,,,,,,,,,,,,,,,,,,,,,,,,,,,,,,,,,,,,,,,,,,,,,,,,,,,,,,,,,,,,,,,,,,,,,,,,,,,,,,,,,,,,,,,,,,,,,,,,,,,,,,,,,,
,,,,,,,,,,,,,,,,,,,,,,,,,,,,,,,,,,,,,,,,,,,,,,,,,,,,,,,,,,,,,,,,,,,,,,,,,,,,,,,,,,,,,,,,,,,,,,,,,,,,,,,,,,,,,,,,,,,
,,,,,,,,,,,,,,,,,,,,,,,,,,,,,,,,,,,,,,,,,,,,,,,,,,,,,,,,,,,,,,,,,,,,,,,,,,,,,,,,,,,,,,,,,,,,,,,,,,,,,,,,,,,,,,,,,,,
,,,,,,,,,,,,,,,,,,,,,,,,,,,,,,,,,,,,,,,,,,,,,,,,,,,,,,,,,,,,,,,,,,,,,,,,,,,,,,,,,,,,,,,,,,,,,,,,,,,,,,,,,,,,,,,,,,,
,,,,,,,,,,,,,,,,,,,,,,,,,,,,,,,,,,,,,,,,,,,,,,,,,,,,,,,,,,,,,,,,,,,,,,,,,,,,,,,,,,,,,,,,,,,,,,,,,,,,,,,,,,,,,,,,,,,
,,,,,,,,,,,,,,,,,,,,,,,,,,,,,,,,,,,,,,,,,,,,,,,,,,,,,,,,,,,,,,,,,,,,,,,,,,,,,,,,,,,,,,,,,,,,,,,,,,,,,,,,,,,,,,,,,,,
,,,,,,,,,,,,,,,,,,,,,,,,,,,,,,,,,,,,,,,,,,,,,,,,,,,,,,,,,,,,,,,,,,,,,,,,,,,,,,,,,,,,,,,,,,,,,,,,,,,,,,,,,,,,,,,,,,,
,,,,,,,,,,,,,,,,,,,,,,,,,,,,,,,,,,,,,,,,,,,,,,,,,,,,,,,,,,,,,,,,,,,,,,,,,,,,,,,,,,,,,,,,,,,,,,,,,,,,,,,,,,,,,,,,,,,
,,,,,,,,,,,,,,,,,,,,,,,,,,,,,,,,,,,,,,,,,,,,,,,,,,,,,,,,,,,,,,,,,,,,,,,,,,,,,,,,,,,,,,,,,,,,,,,,,,,,,,,,,,,,,,,,,,,
,,,,,,,,,,,,,,,,,,,,,,,,,,,,,,,,,,,,,,,,,,,,,,,,,,,,,,,,,,,,,,,,,,,,,,,,,,,,,,,,,,,,,,,,,,,,,,,,,,,,,,,,,,,,,,,,,,,
,,,,,,,,,,,,,,,,,,,,,,,,,,,,,,,,,,,,,,,,,,,,,,,,,,,,,,,,,,,,,,,,,,,,,,,,,,,,,,,,,,,,,,,,,,,,,,,,,,,,,,,,,,,,,,,,,,,
,,,,,,,,,,,,,,,,,,,,,,,,,,,,,,,,,,,,,,,,,,,,,,,,,,,,,,,,,,,,,,,,,,,,,,,,,,,,,,,,,,,,,,,,,,,,,,,,,,,,,,,,,,,,,,,,,,,
,,,,,,,,,,,,,,,,,,,,,,,,,,,,,,,,,,,,,,,,,,,,,,,,,,,,,,,,,,,,,,,,,,,,,,,,,,,,,,,,,,,,,,,,,,,,,,,,,,,,,,,,,,,,,,,,,,,
,,,,,,,,,,,,,,,,,,,,,,,,,,,,,,,,,,,,,,,,,,,,,,,,,,,,,,,,,,,,,,,,,,,,,,,,,,,,,,,,,,,,,,,,,,,,,,,,,,,,,,,,,,,,,,,,,,,
,,,,,,,,,,,,,,,,,,,,,,,,,,,,,,,,,,,,,,,,,,,,,,,,,,,,,,,,,,,,,,,,,,,,,,,,,,,,,,,,,,,,,,,,,,,,,,,,,,,,,,,,,,,,,,,,,,,
,,,,,,,,,,,,,,,,,,,,,,,,,,,,,,,,,,,,,,,,,,,,,,,,,,,,,,,,,,,,,,,,,,,,,,,,,,,,,,,,,,,,,,,,,,,,,,,,,,,,,,,,,,,,,,,,,,,
,,,,,,,,,,,,,,,,,,,,,,,,,,,,,,,,,,,,,,,,,,,,,,,,,,,,,,,,,,,,,,,,,,,,,,,,,,,,,,,,,,,,,,,,,,,,,,,,,,,,,,,,,,,,,,,,,,,
,,,,,,,,,,,,,,,,,,,,,,,,,,,,,,,,,,,,,,,,,,,,,,,,,,,,,,,,,,,,,,,,,,,,,,,,,,,,,,,,,,,,,,,,,,,,,,,,,,,,,,,,,,,,,,,,,,,
,,,,,,,,,,,,,,,,,,,,,,,,,,,,,,,,,,,,,,,,,,,,,,,,,,,,,,,,,,,,,,,,,,,,,,,,,,,,,,,,,,,,,,,,,,,,,,,,,,,,,,,,,,,,,,,,,,,
,,,,,,,,,,,,,,,,,,,,,,,,,,,,,,,,,,,,,,,,,,,,,,,,,,,,,,,,,,,,,,,,,,,,,,,,,,,,,,,,,,,,,,,,,,,,,,,,,,,,,,,,,,,,,,,,,,,
,,,,,,,,,,,,,,,,,,,,,,,,,,,,,,,,,,,,,,,,,,,,,,,,,,,,,,,,,,,,,,,,,,,,,,,,,,,,,,,,,,,,,,,,,,,,,,,,,,,,,,,,,,,,,,,,,,,
,,,,,,,,,,,,,,,,,,,,,,,,,,,,,,,,,,,,,,,,,,,,,,,,,,,,,,,,,,,,,,,,,,,,,,,,,,,,,,,,,,,,,,,,,,,,,,,,,,,,,,,,,,,,,,,,,,,
,,,,,,,,,,,,,,,,,,,,,,,,,,,,,,,,,,,,,,,,,,,,,,,,,,,,,,,,,,,,,,,,,,,,,,,,,,,,,,,,,,,,,,,,,,,,,,,,,,,,,,,,,,,,,,,,,,,
,,,,,,,,,,,,,,,,,,,,,,,,,,,,,,,,,,,,,,,,,,,,,,,,,,,,,,,,,,,,,,,,,,,,,,,,,,,,,,,,,,,,,,,,,,,,,,,,,,,,,,,,,,,,,,,,,,,
,,,,,,,,,,,,,,,,,,,,,,,,,,,,,,,,,,,,,,,,,,,,,,,,,,,,,,,,,,,,,,,,,,,,,,,,,,,,,,,,,,,,,,,,,,,,,,,,,,,,,,,,,,,,,,,,,,,
,,,,,,,,,,,,,,,,,,,,,,,,,,,,,,,,,,,,,,,,,,,,,,,,,,,,,,,,,,,,,,,,,,,,,,,,,,,,,,,,,,,,,,,,,,,,,,,,,,,,,,,,,,,,,,,,,,,
,,,,,,,,,,,,,,,,,,,,,,,,,,,,,,,,,,,,,,,,,,,,,,,,,,,,,,,,,,,,,,,,,,,,,,,,,,,,,,,,,,,,,,,,,,,,,,,,,,,,,,,,,,,,,,,,,,,
,,,,,,,,,,,,,,,,,,,,,,,,,,,,,,,,,,,,,,,,,,,,,,,,,,,,,,,,,,,,,,,,,,,,,,,,,,,,,,,,,,,,,,,,,,,,,,,,,,,,,,,,,,,,,,,,,,,
,,,,,,,,,,,,,,,,,,,,,,,,,,,,,,,,,,,,,,,,,,,,,,,,,,,,,,,,,,,,,,,,,,,,,,,,,,,,,,,,,,,,,,,,,,,,,,,,,,,,,,,,,,,,,,,,,,,
,,,,,,,,,,,,,,,,,,,,,,,,,,,,,,,,,,,,,,,,,,,,,,,,,,,,,,,,,,,,,,,,,,,,,,,,,,,,,,,,,,,,,,,,,,,,,,,,,,,,,,,,,,,,,,,,,,,
,,,,,,,,,,,,,,,,,,,,,,,,,,,,,,,,,,,,,,,,,,,,,,,,,,,,,,,,,,,,,,,,,,,,,,,,,,,,,,,,,,,,,,,,,,,,,,,,,,,,,,,,,,,,,,,,,,,
,,,,,,,,,,,,,,,,,,,,,,,,,,,,,,,,,,,,,,,,,,,,,,,,,,,,,,,,,,,,,,,,,,,,,,,,,,,,,,,,,,,,,,,,,,,,,,,,,,,,,,,,,,,,,,,,,,,
,,,,,,,,,,,,,,,,,,,,,,,,,,,,,,,,,,,,,,,,,,,,,,,,,,,,,,,,,,,,,,,,,,,,,,,,,,,,,,,,,,,,,,,,,,,,,,,,,,,,,,,,,,,,,,,,,,,
,,,,,,,,,,,,,,,,,,,,,,,,,,,,,,,,,,,,,,,,,,,,,,,,,,,,,,,,,,,,,,,,,,,,,,,,,,,,,,,,,,,,,,,,,,,,,,,,,,,,,,,,,,,,,,,,,,,
,,,,,,,,,,,,,,,,,,,,,,,,,,,,,,,,,,,,,,,,,,,,,,,,,,,,,,,,,,,,,,,,,,,,,,,,,,,,,,,,,,,,,,,,,,,,,,,,,,,,,,,,,,,,,,,,,,,
,,,,,,,,,,,,,,,,,,,,,,,,,,,,,,,,,,,,,,,,,,,,,,,,,,,,,,,,,,,,,,,,,,,,,,,,,,,,,,,,,,,,,,,,,,,,,,,,,,,,,,,,,,,,,,,,,,,
,,,,,,,,,,,,,,,,,,,,,,,,,,,,,,,,,,,,,,,,,,,,,,,,,,,,,,,,,,,,,,,,,,,,,,,,,,,,,,,,,,,,,,,,,,,,,,,,,,,,,,,,,,,,,,,,,,,
,,,,,,,,,,,,,,,,,,,,,,,,,,,,,,,,,,,,,,,,,,,,,,,,,,,,,,,,,,,,,,,,,,,,,,,,,,,,,,,,,,,,,,,,,,,,,,,,,,,,,,,,,,,,,,,,,,,
,,,,,,,,,,,,,,,,,,,,,,,,,,,,,,,,,,,,,,,,,,,,,,,,,,,,,,,,,,,,,,,,,,,,,,,,,,,,,,,,,,,,,,,,,,,,,,,,,,,,,,,,,,,,,,,,,,,
,,,,,,,,,,,,,,,,,,,,,,,,,,,,,,,,,,,,,,,,,,,,,,,,,,,,,,,,,,,,,,,,,,,,,,,,,,,,,,,,,,,,,,,,,,,,,,,,,,,,,,,,,,,,,,,,,,,
,,,,,,,,,,,,,,,,,,,,,,,,,,,,,,,,,,,,,,,,,,,,,,,,,,,,,,,,,,,,,,,,,,,,,,,,,,,,,,,,,,,,,,,,,,,,,,,,,,,,,,,,,,,,,,,,,,,
,,,,,,,,,,,,,,,,,,,,,,,,,,,,,,,,,,,,,,,,,,,,,,,,,,,,,,,,,,,,,,,,,,,,,,,,,,,,,,,,,,,,,,,,,,,,,,,,,,,,,,,,,,,,,,,,,,,
,,,,,,,,,,,,,,,,,,,,,,,,,,,,,,,,,,,,,,,,,,,,,,,,,,,,,,,,,,,,,,,,,,,,,,,,,,,,,,,,,,,,,,,,,,,,,,,,,,,,,,,,,,,,,,,,,,,
,,,,,,,,,,,,,,,,,,,,,,,,,,,,,,,,,,,,,,,,,,,,,,,,,,,,,,,,,,,,,,,,,,,,,,,,,,,,,,,,,,,,,,,,,,,,,,,,,,,,,,,,,,,,,,,,,,,
,,,,,,,,,,,,,,,,,,,,,,,,,,,,,,,,,,,,,,,,,,,,,,,,,,,,,,,,,,,,,,,,,,,,,,,,,,,,,,,,,,,,,,,,,,,,,,,,,,,,,,,,,,,,,,,,,,,
,,,,,,,,,,,,,,,,,,,,,,,,,,,,,,,,,,,,,,,,,,,,,,,,,,,,,,,,,,,,,,,,,,,,,,,,,,,,,,,,,,,,,,,,,,,,,,,,,,,,,,,,,,,,,,,,,,,
,,,,,,,,,,,,,,,,,,,,,,,,,,,,,,,,,,,,,,,,,,,,,,,,,,,,,,,,,,,,,,,,,,,,,,,,,,,,,,,,,,,,,,,,,,,,,,,,,,,,,,,,,,,,,,,,,,,
,,,,,,,,,,,,,,,,,,,,,,,,,,,,,,,,,,,,,,,,,,,,,,,,,,,,,,,,,,,,,,,,,,,,,,,,,,,,,,,,,,,,,,,,,,,,,,,,,,,,,,,,,,,,,,,,,,,
,,,,,,,,,,,,,,,,,,,,,,,,,,,,,,,,,,,,,,,,,,,,,,,,,,,,,,,,,,,,,,,,,,,,,,,,,,,,,,,,,,,,,,,,,,,,,,,,,,,,,,,,,,,,,,,,,,,
,,,,,,,,,,,,,,,,,,,,,,,,,,,,,,,,,,,,,,,,,,,,,,,,,,,,,,,,,,,,,,,,,,,,,,,,,,,,,,,,,,,,,,,,,,,,,,,,,,,,,,,,,,,,,,,,,,,
,,,,,,,,,,,,,,,,,,,,,,,,,,,,,,,,,,,,,,,,,,,,,,,,,,,,,,,,,,,,,,,,,,,,,,,,,,,,,,,,,,,,,,,,,,,,,,,,,,,,,,,,,,,,,,,,,,,
,,,,,,,,,,,,,,,,,,,,,,,,,,,,,,,,,,,,,,,,,,,,,,,,,,,,,,,,,,,,,,,,,,,,,,,,,,,,,,,,,,,,,,,,,,,,,,,,,,,,,,,,,,,,,,,,,,,
